Daily update on Mon Oct 27 10:33:58 UTC 2025
Daily update on Mon Oct 27 10:38:25 UTC 2025
Daily update on Tue Oct 28 05:41:45 UTC 2025
Daily update on Wed Oct 29 05:41:58 UTC 2025
Daily update on Thu Oct 30 05:40:43 UTC 2025
Daily update on Fri Oct 31 05:41:02 UTC 2025
Daily update on Sat Nov  1 05:38:46 UTC 2025
Daily update on Sun Nov  2 05:39:16 UTC 2025
Daily update on Mon Nov  3 05:41:12 UTC 2025
Daily update on Tue Nov  4 05:41:20 UTC 2025
Daily update on Wed Nov  5 05:41:18 UTC 2025
Daily update on Thu Nov  6 05:41:13 UTC 2025
Daily update on Fri Nov  7 05:41:09 UTC 2025
Daily update on Sat Nov  8 05:38:40 UTC 2025
